Workbook

Sheet US_Presidents Database
B1: S.No. | C1: president | D1: prior | E1: party | F1: vice | G1: salary | H1: date updated | I1: date created
A2: 0 | B2: 1 | C2: George Washington | D2: Commander-in-Chief of the Continental Army ( 1775â€“1783 ) | E2: Nonpartisan | F2: John Adams | G2: 5000 | H2: 44391 | I2: 40972
A3: 1 | B3: 2 | C3: john adams | D3: 1st Vice President of the United States | E3: Federalist | F3: Thomas Jefferson | G3: 10000 | H3: 44391 | I3: 40972
A4: 2 | B4: 3 | C4: Thomas Jefferson | D4: 2nd Vice President of the United States | E4: Democratic- Republican | F4: Aaron Burr | G4: 15000 | H4: 44391 | I4: 40972
A5: 3 | B5: 4 | C5: James Madison | D5: 5th United States Secretary of State (1801â€“1809) | E5: Democratic- Republican | F5: George Clinton | G5: 20000 | H5: 44391 | I5: 40972
A6: 4 | B6: 5 | C6: JAMES MONROE | D6: 7th United States Secretary of State (1811â€“1817) | E6: Democratic- Republican | F6: Daniel D. Tompkins | G6: 25000 | H6: 44391 | I6: 40972
A7: 5 | B7: 6 | C7: John Quincy Adams | D7: 8th United States Secretary of State (1817â€“1825) | E7: Democratic- Republican | F7: John C. Calhoun | G7: 30000 | H7: 44391 | I7: 40972
A8: 6 | B8: 7 | C8: Andrew Jackson | D8: U.S. Senator ( Class 2 ) from Tennessee (1823â€“1825) | E8: Democratic | F8: John C. Calhoun | G8: 35000 | H8: 44391 | I8: 40972
A9: 7 | B9: 8 | C9: Martin Van Buren | D9: 8th Vice President of the United States | E9: Democratic | F9: Richard Mentor Johnson | G9: 40000 | H9: 44391 | I9: 40972
A10: 8 | B10: 9 | C10: William Henry Harrison | D10: United States Minister to Colombia (1828â€“1829) | E10: Whig | F10: John Tyler | G10: 45000 | H10: 44391 | I10: 40972
A11: 9 | B11: 10 | C11: john tyler | D11: 10th Vice President of the United States | E11: Whig April 4, 1841 â€“ September 13, 1841 | F11: Office vacant | G11: 50000 | H11: 44391 | I11: 40972
A12: 10 | B12: 11 | C12: James K. Polk | D12: 9th Governor of Tennessee (1839â€“1841) | E12: Democratic | F12: George M. Dallas | G12: 55000 | H12: 44391 | I12: 40972
A13: 11 | B13: 12 | C13: Zachary Taylor | D13: Major General of the 1st Infantry Regiment United States Army (1846â€“1849) | E13: Whig | F13: Millard Fillmore | G13: 60000 | H13: 44391 | I13: 40972
... A47: 44 | B47: 45 | C47: Donald Trump | D47: Chairman of The Trump Organization ( 1971â€“present ) | E47: Republicans | F47: Mike Pence | G47: 405000 | H47: 44391 | I47: 43862

Sheet US_Presidents Database Working
A1: S.No. | B1: president | C1: party | D1: vice | E1: salary | F1: date updated | G1: date created
A2: 1 | B2: George Washington | C2: Nonpartisan | D2: John Adams | E2: 5000 | F2: 44391 | G2: 40972
A3: 2 | B3: John Adams | C3: Federalist | D3: Thomas Jefferson | E3: 10000 | F3: 44391 | G3: 40972
A4: 3 | B4: Thomas Jefferson | C4: Democratic- Republican | D4: Aaron Burr | E4: 15000 | F4: 44391 | G4: 40972
A5: 4 | B5: James Madison | C5: Democratic- Republican | D5: George Clinton | E5: 20000 | F5: 44391 | G5: 40972
A6: 5 | B6: James Monroe | C6: Democratic- Republican | D6: Daniel D. Tompkins | E6: 25000 | F6: 44391 | G6: 40972
A7: 6 | B7: John Quincy Adams | C7: Democratic- Republican | D7: John C. Calhoun | E7: 30000 | F7: 44391 | G7: 40972
A8: 7 | B8: Andrew Jackson | C8: Democratic | D8: John C. Calhoun | E8: 35000 | F8: 44391 | G8: 40972
A9: 8 | B9: Martin Van Buren | C9: Democratic | D9: Richard Mentor Johnson | E9: 40000 | F9: 44391 | G9: 40972
A10: 9 | B10: William Henry Harrison | C10: Whig | D10: John Tyler | E10: 45000 | F10: 44391 | G10: 40972
A11: 10 | B11: John Tyler | C11: Whig | D11: Office vacant | E11: 50000 | F11: 44391 | G11: 40972
A12: 11 | B12: James K. Polk | C12: Democratic | D12: George M. Dallas | E12: 55000 | F12: 44391 | G12: 40972
A13: 12 | B13: Zachary Taylor | C13: Whig | D13: Millard Fillmore | E13: 60000 | F13: 44391 | G13: 40972
... A47: 45 | B47: Donald Trump | C47: Republican | D47: Mike Pence | E47: 405000 | F47: 44391 | G47: 43862

Sheet WorkingData
A1: president(Upper) | B1: president(Lower) | C1: president(Proper) | D1: Trim(Vice)
A2: =UPPER('US_Presidents Database'!C2) -> GEORGE WASHINGTON | B2: =LOWER('US_Presidents Database'!C2) -> george washington | C2: =PROPER('US_Presidents Database'!C2) -> George Washington | D2: =TRIM('US_Presidents Database'!F2) -> John Adams
A3: =UPPER('US_Presidents Database'!C3) -> JOHN ADAMS | B3: =LOWER('US_Presidents Database'!C3) -> john adams | C3: =PROPER('US_Presidents Database'!C3) -> John Adams | D3: =TRIM('US_Presidents Database'!F3) -> Thomas Jefferson
A4: =UPPER('US_Presidents Database'!C4) -> THOMAS JEFFERSON | B4: =LOWER('US_Presidents Database'!C4) -> thomas jefferson | C4: =PROPER('US_Presidents Database'!C4) -> Thomas Jefferson | D4: =TRIM('US_Presidents Database'!F4) -> Aaron Burr
A5: =UPPER('US_Presidents Database'!C5) -> JAMES MADISON | B5: =LOWER('US_Presidents Database'!C5) -> james madison | C5: =PROPER('US_Presidents Database'!C5) -> James Madison | D5: =TRIM('US_Presidents Database'!F5) -> George Clinton
A6: =UPPER('US_Presidents Database'!C6) -> JAMES MONROE | B6: =LOWER('US_Presidents Database'!C6) -> james monroe | C6: =PROPER('US_Presidents Database'!C6) -> James Monroe | D6: =TRIM('US_Presidents Database'!F6) -> Daniel D. Tompkins
A7: =UPPER('US_Presidents Database'!C7) -> JOHN QUINCY ADAMS | B7: =LOWER('US_Presidents Database'!C7) -> john quincy adams | C7: =PROPER('US_Presidents Database'!C7) -> John Quincy Adams | D7: =TRIM('US_Presidents Database'!F7) -> John C. Calhoun
A8: =UPPER('US_Presidents Database'!C8) -> ANDREW JACKSON | B8: =LOWER('US_Presidents Database'!C8) -> andrew jackson | C8: =PROPER('US_Presidents Database'!C8) -> Andrew Jackson | D8: =TRIM('US_Presidents Database'!F8) -> John C. Calhoun
A9: =UPPER('US_Presidents Database'!C9) -> MARTIN VAN BUREN | B9: =LOWER('US_Presidents Database'!C9) -> martin van buren | C9: =PROPER('US_Presidents Database'!C9) -> Martin Van Buren | D9: =TRIM('US_Presidents Database'!F9) -> Richard Mentor Johnson
A10: =UPPER('US_Presidents Database'!C10) -> WILLIAM HENRY HARRISON | B10: =LOWER('US_Presidents Database'!C10) -> william henry harrison | C10: =PROPER('US_Presidents Database'!C10) -> William Henry Harrison | D10: =TRIM('US_Presidents Database'!F10) -> John Tyler
A11: =UPPER('US_Presidents Database'!C11) -> JOHN TYLER | B11: =LOWER('US_Presidents Database'!C11) -> john tyler | C11: =PROPER('US_Presidents Database'!C11) -> John Tyler | D11: =TRIM('US_Presidents Database'!F11) -> Office vacant
A12: =UPPER('US_Presidents Database'!C12) -> JAMES K. POLK | B12: =LOWER('US_Presidents Database'!C12) -> james k. polk | C12: =PROPER('US_Presidents Database'!C12) -> James K. Polk | D12: =TRIM('US_Presidents Database'!F12) -> George M. Dallas
A13: =UPPER('US_Presidents Database'!C13) -> ZACHARY TAYLOR | B13: =LOWER('US_Presidents Database'!C13) -> zachary taylor | C13: =PROPER('US_Presidents Database'!C13) -> Zachary Taylor | D13: =TRIM('US_Presidents Database'!F13) -> Millard Fillmore
... A47: =UPPER('US_Presidents Database'!C47) -> DONALD TRUMP | B47: =LOWER('US_Presidents Database'!C47) -> donald trump | C47: =PROPER('US_Presidents Database'!C47) -> Donald Trump | D47: =TRIM('US_Presidents Database'!F47) -> Mike Pence
